,id,nombre,enlace
0,509658,Just Chatting,https://twitchtracker.com/games/509658
0,21779,League of Legends,https://twitchtracker.com/games/21779
0,32982,Grand Theft Auto V,https://twitchtracker.com/games/32982
0,32399,Counter-Strike,https://twitchtracker.com/games/32399
0,516575,VALORANT,https://twitchtracker.com/games/516575
0,1264310518,Marvel Rivals,https://twitchtracker.com/games/1264310518
0,33214,Fortnite,https://twitchtracker.com/games/33214
0,18122,World of Warcraft,https://twitchtracker.com/games/18122
0,29595,Dota 2,https://twitchtracker.com/games/29595
0,2011938005,EA Sports FC 25,https://twitchtracker.com/games/2011938005
0,27471,Minecraft,https://twitchtracker.com/games/27471
0,491931,Escape from Tarkov,https://twitchtracker.com/games/491931
0,0,Variety,https://twitchtracker.com/games/0
0,512710,Call of Duty: Warzone,https://twitchtracker.com/games/512710
0,500188,Hunt: Showdown 1896,https://twitchtracker.com/games/500188
0,513143,Teamfight Tactics,https://twitchtracker.com/games/513143
0,491487,Dead by Daylight,https://twitchtracker.com/games/491487
0,511224,Apex Legends,https://twitchtracker.com/games/511224
0,509672,IRL,https://twitchtracker.com/games/509672
0,30921,Rocket League,https://twitchtracker.com/games/30921
0,29452,Virtual Casino,https://twitchtracker.com/games/29452
0,1672324422,Call of Duty: Black Ops 6,https://twitchtracker.com/games/1672324422
0,509659,ASMR,https://twitchtracker.com/games/509659
0,1702520304,Path of Exile 2,https://twitchtracker.com/games/1702520304
0,460630,Tom Clancy's Rainbow Six Siege,https://twitchtracker.com/games/460630
0,31339,Project Zomboid,https://twitchtracker.com/games/31339
0,55453844,Street Fighter 6,https://twitchtracker.com/games/55453844
0,138585,Hearthstone,https://twitchtracker.com/games/138585
0,493057,PUBG: BATTLEGROUNDS,https://twitchtracker.com/games/493057
0,1282866981,Delta Force,https://twitchtracker.com/games/1282866981
0,515025,Overwatch 2,https://twitchtracker.com/games/515025
0,1173950709,Streamer Life Simulator 2,https://twitchtracker.com/games/1173950709
0,499973,Always On,https://twitchtracker.com/games/499973
0,512953,ELDEN RING,https://twitchtracker.com/games/512953
0,509663,Special Events,https://twitchtracker.com/games/509663
0,27546,World of Tanks,https://twitchtracker.com/games/27546
0,263490,Rust,https://twitchtracker.com/games/263490
0,518203,Sports,https://twitchtracker.com/games/518203
0,26936,Music,https://twitchtracker.com/games/26936
0,509660,Art,https://twitchtracker.com/games/509660
0,1669431183,DJs,https://twitchtracker.com/games/1669431183
0,498566,Slots,https://twitchtracker.com/games/498566
0,1398657661,Anime Squad,https://twitchtracker.com/games/1398657661
0,27284,Retro,https://twitchtracker.com/games/27284
0,499634,Crypto,https://twitchtracker.com/games/499634
0,1417254279,Ninja Gaiden II Black,https://twitchtracker.com/games/1417254279
0,498592,I'm Only Sleeping,https://twitchtracker.com/games/498592
0,66082,Games + Demos,https://twitchtracker.com/games/66082
0,23020,ROBLOX,https://twitchtracker.com/games/23020
0,515024,Diablo IV,https://twitchtracker.com/games/515024
0,1863222988,Kings League,https://twitchtracker.com/games/1863222988
0,401587136,Arena Breakout: Infinite,https://twitchtracker.com/games/401587136
0,490100,Lost Ark,https://twitchtracker.com/games/490100
0,386821,Black Desert,https://twitchtracker.com/games/386821
0,19619,Tibia,https://twitchtracker.com/games/19619
0,458912,Kingdom Come: Deliverance,https://twitchtracker.com/games/458912
0,513181,Genshin Impact,https://twitchtracker.com/games/513181
0,272263131,"Animals, Aquariums, and Zoos",https://twitchtracker.com/games/272263131
0,65632,DayZ,https://twitchtracker.com/games/65632
0,490377,Sea of Thieves,https://twitchtracker.com/games/490377
0,417752,Talk Shows & Podcasts,https://twitchtracker.com/games/417752
0,1853781077,The Headliners,https://twitchtracker.com/games/1853781077
0,2068583461,NBA 2K25,https://twitchtracker.com/games/2068583461
0,497057,Destiny 2,https://twitchtracker.com/games/497057
0,743,Chess,https://twitchtracker.com/games/743
0,493959,Red Dead Redemption 2,https://twitchtracker.com/games/493959
0,417528,Albion Online,https://twitchtracker.com/games/417528
0,518184,Phasmophobia,https://twitchtracker.com/games/518184
0,2009321156,Dark and Darker,https://twitchtracker.com/games/2009321156
0,19801,Throne and Liberty,https://twitchtracker.com/games/19801
0,459931,Old School RuneScape,https://twitchtracker.com/games/459931
0,745589378,Balatro,https://twitchtracker.com/games/745589378
0,511399,Super Mario Maker 2,https://twitchtracker.com/games/511399
0,510218,Among Us,https://twitchtracker.com/games/510218
0,2897,The Simpsons: Hit & Run,https://twitchtracker.com/games/2897
0,369418,GeoGuessr,https://twitchtracker.com/games/369418
0,255298418,FINAL FANTASY VII REBIRTH,https://twitchtracker.com/games/255298418
0,12839,Heroes of Might and Magic III: The Restoration of Erathia,https://twitchtracker.com/games/12839
0,66170,Warframe,https://twitchtracker.com/games/66170
0,24241,FINAL FANTASY XIV ONLINE,https://twitchtracker.com/games/24241
0,385462765,Realities,https://twitchtracker.com/games/385462765
0,687129551,Trackmania,https://twitchtracker.com/games/687129551
0,456845141,Zenless Zone Zero,https://twitchtracker.com/games/456845141
0,499003,VRChat,https://twitchtracker.com/games/499003
0,497467,Monster Hunter: World,https://twitchtracker.com/games/497467
0,209738946,Wuthering Waves,https://twitchtracker.com/games/209738946
0,1494,Call of Duty,https://twitchtracker.com/games/1494
0,2094865572,SMITE 2,https://twitchtracker.com/games/2094865572
0,616657652,Orcs Must Die! Deathtrap,https://twitchtracker.com/games/616657652
0,498417,Vintage Story,https://twitchtracker.com/games/498417
0,2748,Magic: The Gathering,https://twitchtracker.com/games/2748
0,494184,Mobile Legends: Bang Bang,https://twitchtracker.com/games/494184
0,271304,7 Days to Die,https://twitchtracker.com/games/271304
0,213930085,Honkai: Star Rail,https://twitchtracker.com/games/213930085
0,65876,Cyberpunk 2077,https://twitchtracker.com/games/65876
0,2085980140,Lethal Company,https://twitchtracker.com/games/2085980140
0,1320984402,Madden NFL 25,https://twitchtracker.com/games/1320984402
0,737987407,Enshrouded,https://twitchtracker.com/games/737987407
0,512923,Baldur's Gate 3,https://twitchtracker.com/games/512923
0,71375,Star Citizen,https://twitchtracker.com/games/71375
0,505963,Atomic Heart,https://twitchtracker.com/games/505963
0,182632692,Kiosk,https://twitchtracker.com/games/182632692
0,691357727,Amagami,https://twitchtracker.com/games/691357727
0,100599372,MISTERY,https://twitchtracker.com/games/100599372
0,1196356222,MiSide,https://twitchtracker.com/games/1196356222
0,3151,Tournament Poker,https://twitchtracker.com/games/3151
0,1441208453,Once Human,https://twitchtracker.com/games/1441208453
0,497480,Detroit: Become Human,https://twitchtracker.com/games/497480
0,1036710512,Palworld,https://twitchtracker.com/games/1036710512
0,13332,Pokémon FireRed/LeafGreen,https://twitchtracker.com/games/13332
0,511471,Darkest Dungeon II,https://twitchtracker.com/games/511471
0,491878,BeamNG.drive,https://twitchtracker.com/games/491878
0,494436328,The Bazaar,https://twitchtracker.com/games/494436328
0,1250647518,Sniper Elite: Resistance,https://twitchtracker.com/games/1250647518
0,488190,Poker,https://twitchtracker.com/games/488190
0,509511,Marbles on Stream,https://twitchtracker.com/games/509511
0,1393304883,Mir Tankov,https://twitchtracker.com/games/1393304883
0,116747788,"Pools, Hot Tubs, and Beaches",https://twitchtracker.com/games/116747788
0,497497,Brawl Stars,https://twitchtracker.com/games/497497
0,12924,Warcraft III,https://twitchtracker.com/games/12924
0,670867987,Pokémon Scarlet/Violet,https://twitchtracker.com/games/670867987
0,13389,Age of Empires II,https://twitchtracker.com/games/13389
0,1901799151,DYNASTY WARRIORS: ORIGINS,https://twitchtracker.com/games/1901799151
0,460090,Subnautica,https://twitchtracker.com/games/460090
0,1122982998,Dark Souls: Remastered,https://twitchtracker.com/games/1122982998
0,1469308723,Software and Game Development,https://twitchtracker.com/games/1469308723
0,369252,The Sims 4,https://twitchtracker.com/games/369252
0,538054672,TEKKEN 8,https://twitchtracker.com/games/538054672
0,460636,Bloodborne,https://twitchtracker.com/games/460636
0,819884489,Paranormal Night Shift,https://twitchtracker.com/games/819884489
0,960705568,Assassin's Creed Shadows,https://twitchtracker.com/games/960705568
0,478407715,Arma Reforger,https://twitchtracker.com/games/478407715
0,502732,Garena Free Fire,https://twitchtracker.com/games/502732
0,490422,StarCraft II,https://twitchtracker.com/games/490422
0,516588,Rise Online,https://twitchtracker.com/games/516588
0,983841243,Off The Grid,https://twitchtracker.com/games/983841243
0,34135,God of War: Ascension,https://twitchtracker.com/games/34135
0,66366,War Thunder,https://twitchtracker.com/games/66366
0,32502,World of Warships,https://twitchtracker.com/games/32502
0,512864,Eternal Return,https://twitchtracker.com/games/512864
0,486102336,Dragon Quest XI S: Echoes of an Elusive Age - Definitive Edition,https://twitchtracker.com/games/486102336
0,1360792487,Fast Food Simulator,https://twitchtracker.com/games/1360792487
0,2692,Super Mario 64,https://twitchtracker.com/games/2692
0,31336,Metin2,https://twitchtracker.com/games/31336
0,11557,The Legend of Zelda: Ocarina of Time,https://twitchtracker.com/games/11557
0,2132205352,Deadlock,https://twitchtracker.com/games/2132205352
0,65654,The Elder Scrolls Online,https://twitchtracker.com/games/65654
0,488634,Don't Starve Together,https://twitchtracker.com/games/488634
0,1414860634,The Binding of Isaac: Repentance,https://twitchtracker.com/games/1414860634
0,1599346425,Co-working & Studying,https://twitchtracker.com/games/1599346425
0,115977,The Witcher 3: Wild Hunt,https://twitchtracker.com/games/115977
0,232131679,EA Sports College Football 25,https://twitchtracker.com/games/232131679
0,982017546,Palia,https://twitchtracker.com/games/982017546
0,1494074023,Lycans,https://twitchtracker.com/games/1494074023
0,490744,Stardew Valley,https://twitchtracker.com/games/490744
0,2134326347,Heroes of Hammerwatch II,https://twitchtracker.com/games/2134326347
0,496902,Slay the Spire,https://twitchtracker.com/games/496902
0,20596,Dofus,https://twitchtracker.com/games/20596
0,489405,Dragon Ball Z: Dokkan Battle,https://twitchtracker.com/games/489405
0,75467,Euro Truck Simulator 2,https://twitchtracker.com/games/75467
0,29307,Path of Exile,https://twitchtracker.com/games/29307
0,505884,PUBG Mobile,https://twitchtracker.com/games/505884
0,19554,iRacing,https://twitchtracker.com/games/19554
0,1515015750,Strinova,https://twitchtracker.com/games/1515015750
0,491168,Clash Royale,https://twitchtracker.com/games/491168
0,8105,South Park,https://twitchtracker.com/games/8105
0,735904419,ARK: Survival Ascended,https://twitchtracker.com/games/735904419
0,19976,MapleStory,https://twitchtracker.com/games/19976
0,262437666,Farming Simulator 25,https://twitchtracker.com/games/262437666
0,512980,Fall Guys,https://twitchtracker.com/games/512980
0,2128139746,The Quinfall,https://twitchtracker.com/games/2128139746
0,1330093788,Voices of the Void,https://twitchtracker.com/games/1330093788
0,518186,Party Animals,https://twitchtracker.com/games/518186
0,889177802,Drug Dealer Simulator 2,https://twitchtracker.com/games/889177802
0,508455,Valheim,https://twitchtracker.com/games/508455
0,506416,Halo Infinite,https://twitchtracker.com/games/506416
0,105736009,Chaos Express,https://twitchtracker.com/games/105736009
0,509577,Dungeons & Dragons,https://twitchtracker.com/games/509577
0,497509,Ashes of Creation,https://twitchtracker.com/games/497509
0,948446385,Unicorn Overlord,https://twitchtracker.com/games/948446385
0,9618,Pokémon Trading Card Game,https://twitchtracker.com/games/9618
0,506415,Sekiro: Shadows Die Twice,https://twitchtracker.com/games/506415
0,1499221970,Eternal Strands,https://twitchtracker.com/games/1499221970
0,509667,Food & Drink,https://twitchtracker.com/games/509667
0,766571430,HELLDIVERS 2,https://twitchtracker.com/games/766571430
0,514858,League of Legends: Wild Rift,https://twitchtracker.com/games/514858
0,493597,New World: Aeternum,https://twitchtracker.com/games/493597
0,509538,Animal Crossing: New Horizons,https://twitchtracker.com/games/509538
0,298860868,Age of Darkness: Final Stand,https://twitchtracker.com/games/298860868
0,481479876,Cursed Feed,https://twitchtracker.com/games/481479876
0,2014795392,Infinity Nikki,https://twitchtracker.com/games/2014795392
0,490292,DARK SOULS III,https://twitchtracker.com/games/490292
0,375403621,Pokémon Trading Card Game Pocket,https://twitchtracker.com/games/375403621
0,1119642287,Yu-Gi-Oh! Master Duel,https://twitchtracker.com/games/1119642287
0,21465,osu!,https://twitchtracker.com/games/21465
0,1471610418,Super Mario Party Jamboree,https://twitchtracker.com/games/1471610418
0,966704637,MIR 4,https://twitchtracker.com/games/966704637
0,1397606945,Indiana Jones and the Great Circle,https://twitchtracker.com/games/1397606945
0,195053862,Resident Evil 2,https://twitchtracker.com/games/195053862
0,669337588,Microsoft Flight Simulator 2024,https://twitchtracker.com/games/669337588
0,34054,El Chavo,https://twitchtracker.com/games/34054
0,29056,Knight Online,https://twitchtracker.com/games/29056
0,509673,Makers & Crafting,https://twitchtracker.com/games/509673
0,322503446,Resident Evil 4,https://twitchtracker.com/games/322503446
0,799246612,Aloft,https://twitchtracker.com/games/799246612
0,30028,The Elder Scrolls V: Skyrim,https://twitchtracker.com/games/30028
0,479977659,Make Good Choices,https://twitchtracker.com/games/479977659
0,19217,Dokapon Kingdom,https://twitchtracker.com/games/19217
0,18846,Garry's Mod,https://twitchtracker.com/games/18846
0,394568,RimWorld,https://twitchtracker.com/games/394568
0,6521,Grand Theft Auto: San Andreas,https://twitchtracker.com/games/6521
0,518624,SCP: Fragmented Minds,https://twitchtracker.com/games/518624
0,1057274213,Gaggl,https://twitchtracker.com/games/1057274213
0,2034923573,Driving Is Hard,https://twitchtracker.com/games/2034923573
0,504461,Super Smash Bros. Ultimate,https://twitchtracker.com/games/504461
0,68351,Mount & Blade II: Bannerlord,https://twitchtracker.com/games/68351
0,493174,Jackbox Party Packs,https://twitchtracker.com/games/493174
0,458641,Uncharted 4: A Thief's End,https://twitchtracker.com/games/458641
0,16937,Artifact,https://twitchtracker.com/games/16937
0,1313790173,Tokyo Xtreme Racer,https://twitchtracker.com/games/1313790173
0,685022220,Amenti,https://twitchtracker.com/games/685022220
0,518379,Pokémon UNITE,https://twitchtracker.com/games/518379
0,512708,Mahjong Soul,https://twitchtracker.com/games/512708
0,1106398281,Drop Duchy,https://twitchtracker.com/games/1106398281
0,2058570718,Silent Hill 2,https://twitchtracker.com/games/2058570718
0,1496435078,Casino Simulator 2024,https://twitchtracker.com/games/1496435078
0,512821,Words On Stream,https://twitchtracker.com/games/512821
0,1246071024,Capybara Go!,https://twitchtracker.com/games/1246071024
0,1050003477,The Elder Scrolls V: Skyrim - Special Edition,https://twitchtracker.com/games/1050003477
0,81660490,Greed Stays Home,https://twitchtracker.com/games/81660490
0,2104758320,The First Descendant,https://twitchtracker.com/games/2104758320
0,706931076,Pic-Me!,https://twitchtracker.com/games/706931076
0,89250567,Grand Theft Auto: San Andreas - The Definitive Edition,https://twitchtracker.com/games/89250567
0,329951934,Pokémon Community Game,https://twitchtracker.com/games/329951934
0,2023243190,Granny: Escape Together,https://twitchtracker.com/games/2023243190
0,1506110656,Casino Simulator,https://twitchtracker.com/games/1506110656
0,15631,Grand Theft Auto: Vice City,https://twitchtracker.com/games/15631
0,1363642627,Taiko no Tatsujin: Rhythm Festival,https://twitchtracker.com/games/1363642627
0,941530474,Mario Kart 8 Deluxe,https://twitchtracker.com/games/941530474
0,490147,Hollow Knight,https://twitchtracker.com/games/490147
0,904864974,Mortal Kombat 1,https://twitchtracker.com/games/904864974
0,498482,Age of Empires IV,https://twitchtracker.com/games/498482
0,2274,The Sims 2,https://twitchtracker.com/games/2274
0,519291,Black Myth: Wukong,https://twitchtracker.com/games/519291
0,13263,EVE Online,https://twitchtracker.com/games/13263
0,490713,UNDERTALE,https://twitchtracker.com/games/490713
0,1868356881,Zort,https://twitchtracker.com/games/1868356881
0,509968,Rocket Boots Mania,https://twitchtracker.com/games/509968
0,488910,American Truck Simulator,https://twitchtracker.com/games/488910
0,1332509020,Seifuku Kanojo: School Girlfriend,https://twitchtracker.com/games/1332509020
0,130942,Factorio,https://twitchtracker.com/games/130942
0,1102857083,Doomsday: Last Survivors,https://twitchtracker.com/games/1102857083
0,510389,Shakes and Fidget,https://twitchtracker.com/games/510389
0,489170,DARK SOULS II: Scholar of the First Sin,https://twitchtracker.com/games/489170
0,1208208142,Puck,https://twitchtracker.com/games/1208208142
0,31552,777 Casino,https://twitchtracker.com/games/31552
0,502682,Simple 2000 Series Vol. 92: The Noroi no Game,https://twitchtracker.com/games/502682
0,1269041770,Liar's Bar,https://twitchtracker.com/games/1269041770
0,509670,Science & Technology,https://twitchtracker.com/games/509670
0,1034527557,Nightmare of Decay,https://twitchtracker.com/games/1034527557
0,177157840,Schoolboy Runaway,https://twitchtracker.com/games/177157840
0,838184267,ENDER MAGNOLIA: Bloom in the Mist,https://twitchtracker.com/games/838184267
0,1535286692,White Knuckle,https://twitchtracker.com/games/1535286692
0,512998,The Legend of Zelda: Tears of the Kingdom,https://twitchtracker.com/games/512998
0,1941249372,Half Sword,https://twitchtracker.com/games/1941249372
0,2015656787,Get To Work,https://twitchtracker.com/games/2015656787
0,24438,MU Online,https://twitchtracker.com/games/24438
0,1982955044,Storage Hunter Simulator,https://twitchtracker.com/games/1982955044
0,15229,Ragnarok Online,https://twitchtracker.com/games/15229
0,31376,Terraria,https://twitchtracker.com/games/31376
0,23857,Pokémon HeartGold/SoulSilver,https://twitchtracker.com/games/23857
0,278888515,Gartic Phone,https://twitchtracker.com/games/278888515
0,294724507,The Last of Us Part I,https://twitchtracker.com/games/294724507
0,1143870014,For Sale,https://twitchtracker.com/games/1143870014
0,144418804,LOCKDOWN Protocol,https://twitchtracker.com/games/144418804
0,813958293,BombParty,https://twitchtracker.com/games/813958293
0,1743359147,Marvel Snap,https://twitchtracker.com/games/1743359147
0,138847148,Casino World,https://twitchtracker.com/games/138847148
0,490105,Fran Bow,https://twitchtracker.com/games/490105
0,1095275650,Hogwarts Legacy,https://twitchtracker.com/games/1095275650
0,1331855755,Darts,https://twitchtracker.com/games/1331855755
0,506456,Satisfactory,https://twitchtracker.com/games/506456
0,14842174,Chained Together,https://twitchtracker.com/games/14842174
0,415409,Pantheon: Rise of the Fallen,https://twitchtracker.com/games/415409
0,214624087,Brain Show,https://twitchtracker.com/games/214624087
0,519495,The Stone of Madness,https://twitchtracker.com/games/519495
0,252812003,Supermarket Simulator,https://twitchtracker.com/games/252812003
0,2009742488,BioShock Remastered,https://twitchtracker.com/games/2009742488
0,515214,Politics,https://twitchtracker.com/games/515214
0,517159,Guilty Gear: Strive,https://twitchtracker.com/games/517159
0,1940679946,Cine2Nerdle,https://twitchtracker.com/games/1940679946
0,344714178,Virtua Fighter 5 R.E.V.O.,https://twitchtracker.com/games/344714178
0,627798963,F1 24,https://twitchtracker.com/games/627798963
0,513501,Standoff 2,https://twitchtracker.com/games/513501
0,175650911,Hello Love: 18 Again,https://twitchtracker.com/games/175650911
0,38278967,Tales Beyond The Tomb: The Farm's Secret,https://twitchtracker.com/games/38278967
0,110758,The Legend of Zelda: Breath of the Wild,https://twitchtracker.com/games/110758
0,890558948,Torchlight: Infinite,https://twitchtracker.com/games/890558948
0,32959,Heroes of the Storm,https://twitchtracker.com/games/32959
0,1780647523,HITMAN World of Assassination,https://twitchtracker.com/games/1780647523
0,102007682,God of War Ragnarök,https://twitchtracker.com/games/102007682
0,357604454,Grande Fratello: Il Gioco,https://twitchtracker.com/games/357604454
0,1000184693,NHL 25,https://twitchtracker.com/games/1000184693
0,1910103699,THE FINALS,https://twitchtracker.com/games/1910103699
0,490382,For Honor,https://twitchtracker.com/games/490382
0,417969,Halo: The Master Chief Collection,https://twitchtracker.com/games/417969
0,1248633549,Poppy Playtime: Chapter 3 - Deep Sleep,https://twitchtracker.com/games/1248633549
0,743214338,Brotato,https://twitchtracker.com/games/743214338
0,1115711128,PlateUp!,https://twitchtracker.com/games/1115711128
0,2091165871,Football Manager 2024,https://twitchtracker.com/games/2091165871
0,497440,Hell Let Loose,https://twitchtracker.com/games/497440
0,2090279789,FINAL FANTASY XVI,https://twitchtracker.com/games/2090279789
0,515349,Lineage II,https://twitchtracker.com/games/515349
0,432578399,Dreamless,https://twitchtracker.com/games/432578399
0,1075593745,Synduality: Echo of Ada,https://twitchtracker.com/games/1075593745
0,603456890,Cursed Digicam,https://twitchtracker.com/games/603456890
0,61451904,Liminalcore,https://twitchtracker.com/games/61451904
0,653624336,Lies of P,https://twitchtracker.com/games/653624336
0,440494608,THE MUTE HOUSE,https://twitchtracker.com/games/440494608
0,490655,Pokémon GO,https://twitchtracker.com/games/490655
0,1968997035,Persona 3 Reload,https://twitchtracker.com/games/1968997035
0,5784346,For the King II,https://twitchtracker.com/games/5784346
0,16282,Super Smash Bros. Melee,https://twitchtracker.com/games/16282
0,1057431629,Tails of Iron II: Whiskers of Winter,https://twitchtracker.com/games/1057431629
0,6369,God of War,https://twitchtracker.com/games/6369
0,17000,Ninja Gaiden Sigma,https://twitchtracker.com/games/17000
0,489111,Summoners War: Sky Arena,https://twitchtracker.com/games/489111
0,460316,Brawlhalla,https://twitchtracker.com/games/460316
0,19357,Guild Wars 2,https://twitchtracker.com/games/19357
0,1757732267,Forza Horizon 5,https://twitchtracker.com/games/1757732267
0,497456,Days Gone,https://twitchtracker.com/games/497456
0,3408,ObsCure,https://twitchtracker.com/games/3408
0,344035090,Kingdom Come: Deliverance II,https://twitchtracker.com/games/344035090
0,511230,Stream Raiders,https://twitchtracker.com/games/511230
0,1514558606,Tempest Rising,https://twitchtracker.com/games/1514558606
0,1229,Super Mario World,https://twitchtracker.com/games/1229
0,490359,FINAL FANTASY VII REMAKE,https://twitchtracker.com/games/490359
0,515479,Sons of the Forest,https://twitchtracker.com/games/515479
0,493036,Worms W.M.D,https://twitchtracker.com/games/493036
0,494925,Raft,https://twitchtracker.com/games/494925
0,12482,The Legend of Zelda: Majora's Mask,https://twitchtracker.com/games/12482
0,369008,The Inner World,https://twitchtracker.com/games/369008
0,516866,STALCRAFT: X,https://twitchtracker.com/games/516866
0,1568081763,Mass Effect Legendary Edition,https://twitchtracker.com/games/1568081763
0,515474,NARAKA: BLADEPOINT,https://twitchtracker.com/games/515474
0,506246,Fallout 76,https://twitchtracker.com/games/506246
0,1956928026,Metel: Horror Escape,https://twitchtracker.com/games/1956928026
0,715052357,Nine Sols,https://twitchtracker.com/games/715052357
0,1673899638,Nuclear Nightmare,https://twitchtracker.com/games/1673899638
0,15013,Prey,https://twitchtracker.com/games/15013
0,1108011868,DOKAPON! Sword of Fury,https://twitchtracker.com/games/1108011868
0,470560304,The Inn-Sanity,https://twitchtracker.com/games/470560304
0,492553,Sid Meier's Civilization VI,https://twitchtracker.com/games/492553
0,489635,ARK: Survival Evolved,https://twitchtracker.com/games/489635
0,478131056,Donkey Kong Country Returns HD,https://twitchtracker.com/games/478131056
0,91419,Metal Gear Solid V: The Phantom Pain,https://twitchtracker.com/games/91419
0,375828022,Food Delivery Simulator,https://twitchtracker.com/games/375828022
0,2143844298,BioShock 2 Remastered,https://twitchtracker.com/games/2143844298
0,1913410799,Total War: WARHAMMER III,https://twitchtracker.com/games/1913410799
0,776413376,Stronghold: Definitive Edition,https://twitchtracker.com/games/776413376
0,530998549,Coin Pusher World,https://twitchtracker.com/games/530998549
0,1185403782,MLB The Show 24,https://twitchtracker.com/games/1185403782
0,489767,XCOM 2,https://twitchtracker.com/games/489767
0,2083,RuneScape,https://twitchtracker.com/games/2083
0,2133072147,Mir Korabley,https://twitchtracker.com/games/2133072147
0,550574460,Butcher's Creek,https://twitchtracker.com/games/550574460
0,1075600787,Backrooms: Escape Together,https://twitchtracker.com/games/1075600787
0,1131512463,Mystic Rest Stop,https://twitchtracker.com/games/1131512463
0,505980,Stoneshard,https://twitchtracker.com/games/505980
0,1397210469,Miniatures & Models,https://twitchtracker.com/games/1397210469
0,1444831815,Space Engineers 2,https://twitchtracker.com/games/1444831815
0,10609,Pokémon Emerald Version,https://twitchtracker.com/games/10609
0,494099,Kingdom Hearts HD 1.5 + 2.5 ReMIX,https://twitchtracker.com/games/494099
0,1229495794,Nine-Ball Roulette,https://twitchtracker.com/games/1229495794
0,497304,Russian Fishing 4,https://twitchtracker.com/games/497304
0,1158884259,Splatoon 3,https://twitchtracker.com/games/1158884259
0,2138496020,Turok,https://twitchtracker.com/games/2138496020
0,978058451,Dreamcore,https://twitchtracker.com/games/978058451
0,667377300,Life is Strange: Double Exposure,https://twitchtracker.com/games/667377300
0,400407464,DRAGON BALL: Sparking! ZERO,https://twitchtracker.com/games/400407464
0,1345280261,Pretend it's not There,https://twitchtracker.com/games/1345280261
0,11988,FINAL FANTASY VII,https://twitchtracker.com/games/11988
0,29106,S.T.A.L.K.E.R. 2: Heart of Chornobyl,https://twitchtracker.com/games/29106
0,331373906,eFootball,https://twitchtracker.com/games/331373906
0,497388,A Way Out,https://twitchtracker.com/games/497388
0,505705,Noita,https://twitchtracker.com/games/505705
0,271329153,Jötunnslayer: Hordes of Hel,https://twitchtracker.com/games/271329153
0,1348809580,Assetto Corsa Competizione,https://twitchtracker.com/games/1348809580
0,9435,The Legend of Zelda: A Link to the Past,https://twitchtracker.com/games/9435
0,504463,Tom Clancy's The Division 2,https://twitchtracker.com/games/504463
0,1519193002,Slice & Dice,https://twitchtracker.com/games/1519193002
0,493125,My Summer Car,https://twitchtracker.com/games/493125
0,987277565,Stronghold: Crusader - Definitive Edition,https://twitchtracker.com/games/987277565
0,599619814,Casino Jackpot,https://twitchtracker.com/games/599619814
0,460951,Geometry Dash,https://twitchtracker.com/games/460951
0,1133341572,The First Berserker: Khazan,https://twitchtracker.com/games/1133341572
0,8645,Resident Evil 2,https://twitchtracker.com/games/8645
0,290075012,Sword of Justice,https://twitchtracker.com/games/290075012
0,6025,Test Drive Unlimited,https://twitchtracker.com/games/6025
0,20050,Perfect World,https://twitchtracker.com/games/20050
0,491381,Golf With Your Friends,https://twitchtracker.com/games/491381
0,24193,Left 4 Dead 2,https://twitchtracker.com/games/24193
0,512818,Call of Duty: Mobile,https://twitchtracker.com/games/512818
0,493618,Hello Neighbor,https://twitchtracker.com/games/493618
0,516173984,Cult of the Lamb,https://twitchtracker.com/games/516173984
0,1515862749,Disney Dreamlight Valley,https://twitchtracker.com/games/1515862749
0,416015,Hero Siege,https://twitchtracker.com/games/416015
0,2043627368,WWE 2K24,https://twitchtracker.com/games/2043627368
0,499856,Ghost of Tsushima,https://twitchtracker.com/games/499856
0,512033,GODDESS OF VICTORY: NIKKE,https://twitchtracker.com/games/512033
0,9178,Halo 3,https://twitchtracker.com/games/9178
0,502829,R2 Online: Reign of Revolution,https://twitchtracker.com/games/502829
0,509959,Nun Massacre,https://twitchtracker.com/games/509959
0,518213,It Takes Two,https://twitchtracker.com/games/518213
0,7595,Super Metroid,https://twitchtracker.com/games/7595
0,1472681949,Exogate Initiative,https://twitchtracker.com/games/1472681949
0,494806,Metaphor: ReFantazio,https://twitchtracker.com/games/494806
0,495811,SCUM,https://twitchtracker.com/games/495811
0,510056,Epic Seven,https://twitchtracker.com/games/510056
0,1997107609,Mad Games Tycoon 2,https://twitchtracker.com/games/1997107609
0,1620441442,Use Your Words 2,https://twitchtracker.com/games/1620441442
0,562880001,Moving Out 2,https://twitchtracker.com/games/562880001
0,1275666892,Monster Hunter Rise,https://twitchtracker.com/games/1275666892
0,1447325110,The Texas Chain Saw Massacre,https://twitchtracker.com/games/1447325110
0,393329718,Old Market Simulator,https://twitchtracker.com/games/393329718
0,1788326126,Diablo II: Resurrected,https://twitchtracker.com/games/1788326126
0,489776,Fallout 4,https://twitchtracker.com/games/489776
0,509664,Tabletop RPGs,https://twitchtracker.com/games/509664
0,1819887434,Tomb Raider I•II•III Remastered,https://twitchtracker.com/games/1819887434
0,490948,The Isle,https://twitchtracker.com/games/490948
0,1641202444,Until Dawn,https://twitchtracker.com/games/1641202444
0,2109314477,Lonely Mountains: Snow Riders,https://twitchtracker.com/games/2109314477
0,418016,The Long Dark,https://twitchtracker.com/games/418016
0,989907596,OHV,https://twitchtracker.com/games/989907596
0,932336633,Undead Realm: Ego,https://twitchtracker.com/games/932336633
0,518014,Gran Turismo 7,https://twitchtracker.com/games/518014
0,721156300,SUPERVIVE,https://twitchtracker.com/games/721156300
0,458443,Alien: Isolation,https://twitchtracker.com/games/458443
0,3130,Mario Party 5,https://twitchtracker.com/games/3130
0,181219198,The Paddy Field,https://twitchtracker.com/games/181219198
0,340920845,Backpack Battles,https://twitchtracker.com/games/340920845
0,1185958139,Murky Divers,https://twitchtracker.com/games/1185958139
0,1230742965,TCG Card Shop Simulator,https://twitchtracker.com/games/1230742965
0,993910146,TrickShot Simulator,https://twitchtracker.com/games/993910146
0,597258098,Dale & Dawson Stationery Supplies,https://twitchtracker.com/games/597258098
0,515881069,Mechabellum,https://twitchtracker.com/games/515881069
0,2113043143,PAYDAY 3,https://twitchtracker.com/games/2113043143
0,492618,Lords Mobile,https://twitchtracker.com/games/492618
0,1985775240,Unrailed 2: Back on Track,https://twitchtracker.com/games/1985775240
0,13765,Donkey Kong 64,https://twitchtracker.com/games/13765
0,1295777437,Airport X-Ray Simulator,https://twitchtracker.com/games/1295777437
0,518017,Resident Evil Village,https://twitchtracker.com/games/518017
0,506410,Dying Light 2: Stay Human,https://twitchtracker.com/games/506410
0,1010237123,Super Sorry,https://twitchtracker.com/games/1010237123
0,636432195,This Bed We Made,https://twitchtracker.com/games/636432195
0,770229477,60 Seconds! Reatomized,https://twitchtracker.com/games/770229477
0,511295,Predecessor,https://twitchtracker.com/games/511295
0,459064,Cuphead,https://twitchtracker.com/games/459064
0,458781,No Man's Sky,https://twitchtracker.com/games/458781
0,492934,Resident Evil 7: Biohazard,https://twitchtracker.com/games/492934
0,383199964,Mobile Dungeon,https://twitchtracker.com/games/383199964
0,515066,SnowRunner,https://twitchtracker.com/games/515066
0,43579844,Lego & Brickbuilding,https://twitchtracker.com/games/43579844
0,1975302275,Shawarma Legend,https://twitchtracker.com/games/1975302275
0,1174970507,Pairs & Perils,https://twitchtracker.com/games/1174970507
0,29433,Dark Souls,https://twitchtracker.com/games/29433
0,29329,Space Station 13,https://twitchtracker.com/games/29329
0,1654,Gothic II,https://twitchtracker.com/games/1654
0,508948,Raid: Shadow Legends,https://twitchtracker.com/games/508948
0,23453,Fallout: New Vegas,https://twitchtracker.com/games/23453
0,1335943195,The Cabin Factory,https://twitchtracker.com/games/1335943195
0,903914961,THRESHOLD,https://twitchtracker.com/games/903914961
0,509671,Fitness & Health,https://twitchtracker.com/games/509671
0,514888,Crusader Kings III,https://twitchtracker.com/games/514888
0,492178,Tower Unite,https://twitchtracker.com/games/492178
0,868771782,Tales Beyond The Tomb: Pineville Night Stalker,https://twitchtracker.com/games/868771782
0,459327,Hearts of Iron IV,https://twitchtracker.com/games/459327
0,894968900,Starseed: Asnia Trigger,https://twitchtracker.com/games/894968900
0,2108477062,Beyond Citadel,https://twitchtracker.com/games/2108477062
0,492535,Celeste,https://twitchtracker.com/games/492535
0,942317893,Supermarket Together,https://twitchtracker.com/games/942317893
0,7022,The Forest,https://twitchtracker.com/games/7022
0,623291583,Ghosts of Tabor,https://twitchtracker.com/games/623291583
0,489335,Outer Wilds,https://twitchtracker.com/games/489335
0,493815,Oxygen Not Included,https://twitchtracker.com/games/493815
0,528918758,Shatterline,https://twitchtracker.com/games/528918758
0,514661,The Long Drive,https://twitchtracker.com/games/514661
0,32345,Borderlands 2,https://twitchtracker.com/games/32345
0,2053251455,Firefighting Simulator: The Squad,https://twitchtracker.com/games/2053251455
0,6959,Eco,https://twitchtracker.com/games/6959
0,80607,Elite: Dangerous,https://twitchtracker.com/games/80607
0,2271,Sonic The Hedgehog,https://twitchtracker.com/games/2271
0,17179,Star Wars: Knights of the Old Republic,https://twitchtracker.com/games/17179
0,1982936547,Pokémon,https://twitchtracker.com/games/1982936547
0,499379,Stick Fight: The Game,https://twitchtracker.com/games/499379
0,511748,Auto Chess,https://twitchtracker.com/games/511748
0,518015,Horizon Forbidden West,https://twitchtracker.com/games/518015
0,125264560,Clone Hero,https://twitchtracker.com/games/125264560
0,343455332,Crime Scene Cleaner,https://twitchtracker.com/games/343455332
0,490633,Phoenix Wright: Ace Attorney - Spirit of Justice,https://twitchtracker.com/games/490633
0,633272614,Split Brain,https://twitchtracker.com/games/633272614
0,511701,Ready or Not,https://twitchtracker.com/games/511701
0,1933145458,The Past Within,https://twitchtracker.com/games/1933145458
0,2109666737,ASTRO BOT,https://twitchtracker.com/games/2109666737
0,8090,FINAL FANTASY IX,https://twitchtracker.com/games/8090
0,1420,Half-Life 2,https://twitchtracker.com/games/1420
0,11989,StarCraft,https://twitchtracker.com/games/11989
0,504921,Dragon Ball Legends,https://twitchtracker.com/games/504921
0,494683,theHunter: Call of the Wild,https://twitchtracker.com/games/494683
0,493997,Super Mario Odyssey,https://twitchtracker.com/games/493997
0,2085883200,Mark of the Deep,https://twitchtracker.com/games/2085883200
0,1029754927,Stay Out of the House,https://twitchtracker.com/games/1029754927
0,497583,Mystery Science Theater 3000,https://twitchtracker.com/games/497583
0,598247080,Stardeus,https://twitchtracker.com/games/598247080
0,8259,TV Station Manager,https://twitchtracker.com/games/8259
0,330654616,Rivals of Aether II,https://twitchtracker.com/games/330654616
0,8793,Metal Gear Solid: The Twin Snakes,https://twitchtracker.com/games/8793
0,517769,Mafia: Definitive Edition,https://twitchtracker.com/games/517769
0,35442864,Last Train Outta' Wormtown,https://twitchtracker.com/games/35442864
0,5899,Stocks and Bonds,https://twitchtracker.com/games/5899
0,519103,PowerWash Simulator,https://twitchtracker.com/games/519103
0,86442345,Archero 2,https://twitchtracker.com/games/86442345
0,8882,Pinball,https://twitchtracker.com/games/8882
0,107100764,AI2U: With You ‘Till The End,https://twitchtracker.com/games/107100764
0,27103,Sid Meier's Civilization V,https://twitchtracker.com/games/27103
0,102379163,Umineko When They Cry: Question Arcs,https://twitchtracker.com/games/102379163
0,498302,Arena of Valor,https://twitchtracker.com/games/498302
0,16676,Team Fortress 2,https://twitchtracker.com/games/16676
0,495202,Fire Emblem: Three Houses,https://twitchtracker.com/games/495202
0,67584,Europa Universalis IV,https://twitchtracker.com/games/67584
0,980679052,Dead Space,https://twitchtracker.com/games/980679052
0,2052811872,Tyrant's Realm,https://twitchtracker.com/games/2052811872
0,461389,Life is Strange,https://twitchtracker.com/games/461389
0,955166543,Dark Hours,https://twitchtracker.com/games/955166543
0,492361,My Candy Love,https://twitchtracker.com/games/492361
0,518146,The Last Faith,https://twitchtracker.com/games/518146
0,1534124527,Five Hearts Under One Roof,https://twitchtracker.com/games/1534124527
0,1584836809,Schedule I,https://twitchtracker.com/games/1584836809
0,476269,Yakuza 0,https://twitchtracker.com/games/476269
0,1312214340,Stumble Guys,https://twitchtracker.com/games/1312214340
0,489401,Call of Duty: Black Ops III,https://twitchtracker.com/games/489401
0,2050258870,Oddworld: Stranger's Wrath HD,https://twitchtracker.com/games/2050258870
0,1176313681,Pilgrim,https://twitchtracker.com/games/1176313681
0,1337444628,Call of Duty: Modern Warfare III,https://twitchtracker.com/games/1337444628
0,799680308,Casino Island Simulator,https://twitchtracker.com/games/799680308
0,1214355831,In Sink,https://twitchtracker.com/games/1214355831
0,493217,Gwent: The Witcher Card Game,https://twitchtracker.com/games/493217
0,290961240,SLOT,https://twitchtracker.com/games/290961240
0,531817657,Exploding Kittens,https://twitchtracker.com/games/531817657
0,772157971,Writing & Reading,https://twitchtracker.com/games/772157971
0,517036,Miraculous Ladybug & Cat Noir,https://twitchtracker.com/games/517036
0,14333696,Goose Goose Duck,https://twitchtracker.com/games/14333696
0,1828814242,Super Monkey Ball: Banana Mania,https://twitchtracker.com/games/1828814242
0,497301,Honor of Kings,https://twitchtracker.com/games/497301
0,18707,Grand Theft Auto IV,https://twitchtracker.com/games/18707
0,988100999,Demon's Souls,https://twitchtracker.com/games/988100999
0,451007760,My Hero Ultra Rumble,https://twitchtracker.com/games/451007760
0,2058220722,Poppy Playtime,https://twitchtracker.com/games/2058220722
0,223869970,"Warhammer 40,000: Space Marine II",https://twitchtracker.com/games/223869970
0,251880403,Tales of Graces f Remastered,https://twitchtracker.com/games/251880403
0,1162901384,Fears to Fathom: Ironbark Lookout,https://twitchtracker.com/games/1162901384
0,506407,Gears 5,https://twitchtracker.com/games/506407
0,369573,Peggle 2,https://twitchtracker.com/games/369573
0,490432,Mafia III,https://twitchtracker.com/games/490432
0,1346169551,Casino Simulator,https://twitchtracker.com/games/1346169551
0,1555728185,Hitman,https://twitchtracker.com/games/1555728185
0,1570280660,Zeepkist,https://twitchtracker.com/games/1570280660
0,2043745353,Homicipher,https://twitchtracker.com/games/2043745353
0,511864,Persona 5 Royal,https://twitchtracker.com/games/511864
0,695642082,CAPTURED,https://twitchtracker.com/games/695642082
0,963008843,Loddlenaut,https://twitchtracker.com/games/963008843
0,1094044362,WEBFISHING,https://twitchtracker.com/games/1094044362
0,508509,Codenames,https://twitchtracker.com/games/508509
0,1904996652,Mouthwashing,https://twitchtracker.com/games/1904996652
0,37567722,Romancing SaGa 2: Revenge of the Seven,https://twitchtracker.com/games/37567722
0,518144,The Outlast Trials,https://twitchtracker.com/games/518144
0,143106037,EA Sports FC 24,https://twitchtracker.com/games/143106037
0,177569847,Trombone Champ,https://twitchtracker.com/games/177569847
0,494508,Yu-Gi-Oh! Duel Links,https://twitchtracker.com/games/494508
0,313197,Assetto Corsa,https://twitchtracker.com/games/313197
0,514974,Battlefield 2042,https://twitchtracker.com/games/514974
0,2044618072,Zoochosis,https://twitchtracker.com/games/2044618072
0,495496,Splasher,https://twitchtracker.com/games/495496
0,503116,Beat Saber,https://twitchtracker.com/games/503116
0,503233,Dragon Age: The Veilguard,https://twitchtracker.com/games/503233
0,484696624,Cosplay Maker,https://twitchtracker.com/games/484696624
0,367176203,Ale & Tale Tavern,https://twitchtracker.com/games/367176203
0,1645815836,ORDER 13,https://twitchtracker.com/games/1645815836
0,490413,Board Games,https://twitchtracker.com/games/490413
0,509549,Pummel Party,https://twitchtracker.com/games/509549
0,255386500,Luma Island,https://twitchtracker.com/games/255386500
0,2060730947,Le Mans Ultimate,https://twitchtracker.com/games/2060730947
0,31750,Arma 3,https://twitchtracker.com/games/31750
0,1067830406,Love and Deepspace,https://twitchtracker.com/games/1067830406
0,1508658612,IN THE FACADE WE TRUST,https://twitchtracker.com/games/1508658612
0,73914,Clash of Clans,https://twitchtracker.com/games/73914
0,418410192,One Piece Card Game,https://twitchtracker.com/games/418410192
0,516086,Grounded,https://twitchtracker.com/games/516086
0,1846293708,Fields of Mistria,https://twitchtracker.com/games/1846293708
0,1937002451,KLETKA,https://twitchtracker.com/games/1937002451
0,15062,Vampire: The Masquerade - Bloodlines,https://twitchtracker.com/games/15062
0,22848,Red Dead Redemption,https://twitchtracker.com/games/22848
0,155409827,Pokémon Trading Card Game Live,https://twitchtracker.com/games/155409827
0,1222194375,Icarus,https://twitchtracker.com/games/1222194375
0,1286840579,Demonologist,https://twitchtracker.com/games/1286840579
0,34025,Kenshi,https://twitchtracker.com/games/34025
0,1584745140,Pokémon Brilliant Diamond/Shining Pearl,https://twitchtracker.com/games/1584745140
0,17828,The Legend of Zelda: Twilight Princess,https://twitchtracker.com/games/17828
0,369591,Donkey Kong Country: Tropical Freeze,https://twitchtracker.com/games/369591
0,461246,The Walking Dead: A New Frontier,https://twitchtracker.com/games/461246
0,818770426,Granblue Fantasy Versus: Rising,https://twitchtracker.com/games/818770426
0,493388,Foxhole,https://twitchtracker.com/games/493388
0,506442,DOOM Eternal,https://twitchtracker.com/games/506442
0,508798,Warhammer,https://twitchtracker.com/games/508798
0,512121,Yakuza: Like a Dragon,https://twitchtracker.com/games/512121
0,995720898,God Of War (2005),https://twitchtracker.com/games/995720898
0,1712837864,PANICORE,https://twitchtracker.com/games/1712837864
0,32178,Octodad: Dadliest Catch,https://twitchtracker.com/games/32178
0,643774725,33 Immortals,https://twitchtracker.com/games/643774725
0,18786,Ninja Gaiden II,https://twitchtracker.com/games/18786
0,1448964995,Arknights: Endfield,https://twitchtracker.com/games/1448964995
0,654160306,Lost Castle 2,https://twitchtracker.com/games/654160306
0,24239,Super Mario Galaxy 2,https://twitchtracker.com/games/24239
0,24664,Heroes of Newerth,https://twitchtracker.com/games/24664
0,509590,Do Not Feed the Monkeys,https://twitchtracker.com/games/509590
0,575269630,Just Dance 2025 Edition,https://twitchtracker.com/games/575269630
0,34257,Sonic & All-Stars Racing Transformed,https://twitchtracker.com/games/34257
0,493551,Conan Exiles,https://twitchtracker.com/games/493551
0,518402,Earth Defense Force 6,https://twitchtracker.com/games/518402
0,18871,Mario Kart Wii,https://twitchtracker.com/games/18871
0,255874048,Railway Empire 2,https://twitchtracker.com/games/255874048
0,1668881185,The Lord of the Rings: Return to Moria,https://twitchtracker.com/games/1668881185
0,489668,Granblue Fantasy,https://twitchtracker.com/games/489668
0,766247336,Crimson Snow,https://twitchtracker.com/games/766247336
0,1749671014,Magicraft,https://twitchtracker.com/games/1749671014
0,73586,Outlast,https://twitchtracker.com/games/73586
0,488500,Battlefield 1,https://twitchtracker.com/games/488500
0,505473,Granny,https://twitchtracker.com/games/505473
0,1945673289,The Mortuary Assistant,https://twitchtracker.com/games/1945673289
0,1076087932,Into the Emberlands,https://twitchtracker.com/games/1076087932
0,1450559914,Magic Book Auto Battler,https://twitchtracker.com/games/1450559914
0,2755,Half-Life,https://twitchtracker.com/games/2755
0,513179,Chinese Parents,https://twitchtracker.com/games/513179
0,2092725748,Horizon Zero Dawn Remastered,https://twitchtracker.com/games/2092725748
0,1192605928,Speed,https://twitchtracker.com/games/1192605928
0,28105,Wii Party,https://twitchtracker.com/games/28105
0,492035,Resident Evil,https://twitchtracker.com/games/492035
0,1238739089,Town of Salem 2,https://twitchtracker.com/games/1238739089
0,34176,Family Guy: Uncensored,https://twitchtracker.com/games/34176
0,1063665418,Out of the Park Baseball 25,https://twitchtracker.com/games/1063665418
0,477529029,Dwarf Fortress,https://twitchtracker.com/games/477529029
0,30740,The Walking Dead,https://twitchtracker.com/games/30740
0,498215,UFO 50,https://twitchtracker.com/games/498215
0,499550,Poker Tournament,https://twitchtracker.com/games/499550
0,28867,Vindictus,https://twitchtracker.com/games/28867
0,369509,Fable Anniversary,https://twitchtracker.com/games/369509
0,499132,They Are Billions,https://twitchtracker.com/games/499132
0,518630,Manor Lords,https://twitchtracker.com/games/518630
0,1188497197,Life is Feudal: Arden,https://twitchtracker.com/games/1188497197
0,6818,SUPER GHOULS'N GHOSTS,https://twitchtracker.com/games/6818
0,15943,The Elder Scrolls III: Morrowind,https://twitchtracker.com/games/15943
0,370472,Wreckfest,https://twitchtracker.com/games/370472
0,508333,Hypnospace Outlaw,https://twitchtracker.com/games/508333
0,599893416,Coconut Simulator,https://twitchtracker.com/games/599893416
0,1262047844,Marvel's Spider-Man Remastered,https://twitchtracker.com/games/1262047844
0,1457155279,Tails of Iron,https://twitchtracker.com/games/1457155279
0,394758168,Content Warning,https://twitchtracker.com/games/394758168
0,1728683467,Core Keeper,https://twitchtracker.com/games/1728683467
0,510588,Journey to the Savage Planet,https://twitchtracker.com/games/510588
0,18763,Fallout 3,https://twitchtracker.com/games/18763
0,1846570260,Planet Coaster 2,https://twitchtracker.com/games/1846570260
0,6715,DOOM,https://twitchtracker.com/games/6715
0,561013832,Pokémon Legends: Arceus,https://twitchtracker.com/games/561013832
0,901824565,Cryptical Path,https://twitchtracker.com/games/901824565
0,1333653085,Mega Man X8 16-bit,https://twitchtracker.com/games/1333653085
0,1502494668,Poly Bridge 3,https://twitchtracker.com/games/1502494668
0,1741566793,Dragon Quest III: HD-2D Remake,https://twitchtracker.com/games/1741566793
0,2066107586,Escape the Backrooms,https://twitchtracker.com/games/2066107586
0,16967,The Legend of Zelda: The Wind Waker,https://twitchtracker.com/games/16967
0,519492,Medieval Dynasty,https://twitchtracker.com/games/519492
0,2099118364,Fears to Fathom: Norwood Hitchhike,https://twitchtracker.com/games/2099118364
0,19423,Heavy Rain,https://twitchtracker.com/games/19423
0,19589,L.A. Noire,https://twitchtracker.com/games/19589
0,518873,"Warhammer 40,000: Darktide",https://twitchtracker.com/games/518873
0,1975639786,Like a Dragon: Infinite Wealth,https://twitchtracker.com/games/1975639786
0,113749,Prime World,https://twitchtracker.com/games/113749
0,506274,Assassin's Creed Odyssey,https://twitchtracker.com/games/506274
0,1001481454,Only Up: Lizards Must Fall,https://twitchtracker.com/games/1001481454
0,1470211036,Dave the Diver,https://twitchtracker.com/games/1470211036
0,1260,Age of Mythology,https://twitchtracker.com/games/1260
0,10322,FINAL FANTASY X,https://twitchtracker.com/games/10322
0,33299,Mah Jong,https://twitchtracker.com/games/33299
0,19731,Portal 2,https://twitchtracker.com/games/19731
0,264231625,Contractors Showdown,https://twitchtracker.com/games/264231625
0,1074401885,Fears to Fathom: Woodbury Getaway,https://twitchtracker.com/games/1074401885
0,1937599489,The Quarry,https://twitchtracker.com/games/1937599489
0,1186629179,Ten Bells,https://twitchtracker.com/games/1186629179
0,33180,The Last of Us,https://twitchtracker.com/games/33180
0,836519689,DEVOUR,https://twitchtracker.com/games/836519689
0,2504,Star Wars: Episode I - Jedi Power Battles,https://twitchtracker.com/games/2504
0,11103,UNO,https://twitchtracker.com/games/11103
0,556907291,Cities: Skylines II,https://twitchtracker.com/games/556907291
0,1452305763,Hospital 666,https://twitchtracker.com/games/1452305763
0,1579743743,ALL WILL FALL,https://twitchtracker.com/games/1579743743
0,1156954371,Unpossess,https://twitchtracker.com/games/1156954371
0,10229,FINAL FANTASY XI ONLINE,https://twitchtracker.com/games/10229
0,13050,Castlevania: Symphony of the Night,https://twitchtracker.com/games/13050
0,18775,Mafia II,https://twitchtracker.com/games/18775
0,498289,CarX Drift Racing Online,https://twitchtracker.com/games/498289
0,346078625,Blood on the Clocktower,https://twitchtracker.com/games/346078625
0,504199,Battlefield V,https://twitchtracker.com/games/504199
0,446808397,Carry The Glass,https://twitchtracker.com/games/446808397
0,504462,Call of Duty: Black Ops 4,https://twitchtracker.com/games/504462
0,516789,Sea of Stars,https://twitchtracker.com/games/516789
0,1285768241,Quest Master,https://twitchtracker.com/games/1285768241
0,460635,inFAMOUS: First Light,https://twitchtracker.com/games/460635
0,10384,God of War II,https://twitchtracker.com/games/10384
0,678842894,Arena Breakout,https://twitchtracker.com/games/678842894
0,765395036,TankHead,https://twitchtracker.com/games/765395036
0,842266336,Saleblazers,https://twitchtracker.com/games/842266336
0,1601959379,Bunny Garden,https://twitchtracker.com/games/1601959379
0,4667,Bully: Scholarship Edition,https://twitchtracker.com/games/4667
0,6410,Hitman 2: Silent Assassin,https://twitchtracker.com/games/6410
0,27745,Farm Frenzy,https://twitchtracker.com/games/27745
0,31192,Who Wants To Be A Millionaire,https://twitchtracker.com/games/31192
0,491572,Stellaris,https://twitchtracker.com/games/491572
0,242996276,Backrooms Society,https://twitchtracker.com/games/242996276
0,1462834331,Soulmask,https://twitchtracker.com/games/1462834331
0,496464,Guilty Gear Xrd: Rev 2,https://twitchtracker.com/games/496464
0,506089309,SIFU,https://twitchtracker.com/games/506089309
0,626051290,Cyber Manhunt: New World,https://twitchtracker.com/games/626051290
0,18446,Snooker,https://twitchtracker.com/games/18446
0,21934,Star Wars: The Old Republic,https://twitchtracker.com/games/21934
0,512070,Jump King,https://twitchtracker.com/games/512070
0,518764,Kukoro: Stream Chat Games,https://twitchtracker.com/games/518764
0,950028114,Clanfolk,https://twitchtracker.com/games/950028114
0,458353,Darkest Dungeon,https://twitchtracker.com/games/458353
0,666511413,The Crew: Motorfest,https://twitchtracker.com/games/666511413
0,494839,Deep Rock Galactic,https://twitchtracker.com/games/494839
0,509110,Risk of Rain 2,https://twitchtracker.com/games/509110
0,649775967,Resident Evil 3,https://twitchtracker.com/games/649775967
0,673760473,Crab Game,https://twitchtracker.com/games/673760473
0,10710,Counter-Strike 1.6,https://twitchtracker.com/games/10710
0,976324957,Fears to Fathom: Carson House,https://twitchtracker.com/games/976324957
0,1241582824,Farming Simulator 22,https://twitchtracker.com/games/1241582824
0,498523,Conqueror's Blade,https://twitchtracker.com/games/498523
0,975920470,BUCKSHOT ROULETTE,https://twitchtracker.com/games/975920470
0,1225594293,Super Seducer 2,https://twitchtracker.com/games/1225594293
0,11448,Heroes of Might and Magic II: The Succession Wars,https://twitchtracker.com/games/11448
0,19604,ArmA 2,https://twitchtracker.com/games/19604
0,511229,Pogostuck: Rage With Your Friends,https://twitchtracker.com/games/511229
0,3723,Casino Kid II,https://twitchtracker.com/games/3723
0,20061,CABAL Online,https://twitchtracker.com/games/20061
0,491318,Borderlands 3,https://twitchtracker.com/games/491318
0,1411785674,Among Ashes,https://twitchtracker.com/games/1411785674
0,1468190144,Aion,https://twitchtracker.com/games/1468190144
0,504502,Rhythm Doctor,https://twitchtracker.com/games/504502
0,457975278,PokeMMO,https://twitchtracker.com/games/457975278
0,1198379037,Cuisineer,https://twitchtracker.com/games/1198379037
0,880825863,Pacific Drive,https://twitchtracker.com/games/880825863
0,8489,Chrono Trigger,https://twitchtracker.com/games/8489
0,41272850,GTA: La Heist,https://twitchtracker.com/games/41272850
0,380978759,Escape from Tarkov: Arena,https://twitchtracker.com/games/380978759
0,1407092475,THE GAME OF LIFE 2,https://twitchtracker.com/games/1407092475
0,33694,Fatal Frame 2: Wii Edition,https://twitchtracker.com/games/33694
0,509529,Super Animal Royale,https://twitchtracker.com/games/509529
0,67834,Metal Gear Solid V: Ground Zeroes,https://twitchtracker.com/games/67834
0,506430,Trials Rising,https://twitchtracker.com/games/506430
0,1074044196,Alan Wake II,https://twitchtracker.com/games/1074044196
0,1151093403,LIMINAL SHIFT,https://twitchtracker.com/games/1151093403
0,1244970157,Undisputed,https://twitchtracker.com/games/1244970157
0,1967084783,Marvel's Spider-Man 2,https://twitchtracker.com/games/1967084783
0,620142896,Trapped: Family Vacation,https://twitchtracker.com/games/620142896
0,957103328,Grand Theft Auto: Vice City - The Definitive Edition,https://twitchtracker.com/games/957103328
0,1535225577,The Last of Us Part II: Remastered,https://twitchtracker.com/games/1535225577
0,391475,Space Engineers,https://twitchtracker.com/games/391475
0,508662,Identity V,https://twitchtracker.com/games/508662
0,527382238,Go Home Annie,https://twitchtracker.com/games/527382238
0,1267688912,Mega Man Maker,https://twitchtracker.com/games/1267688912
0,516921,Automobilista 2,https://twitchtracker.com/games/516921
0,1767350976,ANIMAL WELL,https://twitchtracker.com/games/1767350976
0,2132752782,Aion Classic,https://twitchtracker.com/games/2132752782
0,21222,Max Payne 3,https://twitchtracker.com/games/21222
0,511743,Sniper Elite 5,https://twitchtracker.com/games/511743
0,517330,Assassin's Creed Valhalla,https://twitchtracker.com/games/517330
0,493048,Fate/Grand Order,https://twitchtracker.com/games/493048
0,1290989747,The Legend of Zelda: Echoes of Wisdom,https://twitchtracker.com/games/1290989747
0,460620,Rise of the Tomb Raider,https://twitchtracker.com/games/460620
0,467024621,Ōkami HD,https://twitchtracker.com/games/467024621
0,733103714,Hero's Land,https://twitchtracker.com/games/733103714
0,497451,Pokémon Sword/Shield,https://twitchtracker.com/games/497451
0,511212,Subnautica: Below Zero,https://twitchtracker.com/games/511212
0,1491164702,Airships: Lost Flotilla,https://twitchtracker.com/games/1491164702
0,17500,Monster Rancher 2,https://twitchtracker.com/games/17500
0,18526,The Elder Scrolls IV: Oblivion,https://twitchtracker.com/games/18526
0,31836,Metro: Last Light,https://twitchtracker.com/games/31836
0,489567,Five Nights at Freddy's 4,https://twitchtracker.com/games/489567
0,32736074,Blood Strike,https://twitchtracker.com/games/32736074
0,731378006,Tale of Immortal,https://twitchtracker.com/games/731378006
0,1581126534,DREDGE,https://twitchtracker.com/games/1581126534
0,27602,Pokémon Black/White,https://twitchtracker.com/games/27602
0,369380,Dying Light,https://twitchtracker.com/games/369380
0,497659,Derail Valley,https://twitchtracker.com/games/497659
0,509862,We Were Here Together,https://twitchtracker.com/games/509862
0,516944,Corepunk,https://twitchtracker.com/games/516944
0,107194810,Phoenix Wright: Ace Attorney Trilogy,https://twitchtracker.com/games/107194810
0,5804,Silent Hill 4: The Room,https://twitchtracker.com/games/5804
0,7100,Gothic 3,https://twitchtracker.com/games/7100
0,8483,Fatal Frame II: Crimson Butterfly,https://twitchtracker.com/games/8483
0,9954,EverQuest,https://twitchtracker.com/games/9954
0,11282,FINAL FANTASY VIII,https://twitchtracker.com/games/11282
0,19714,Entropia Universe,https://twitchtracker.com/games/19714
0,493887283,Casino,https://twitchtracker.com/games/493887283
0,1762897918,Befriended Curse,https://twitchtracker.com/games/1762897918
0,417749,Tabletop Simulator,https://twitchtracker.com/games/417749
0,474808523,Ignited Entry,https://twitchtracker.com/games/474808523
0,1147745783,Inscryption,https://twitchtracker.com/games/1147745783
0,10389,Castlevania: Dawn of Sorrow,https://twitchtracker.com/games/10389
0,503986,Heroes of Hammerwatch,https://twitchtracker.com/games/503986
0,787116983,Kanji de GO!,https://twitchtracker.com/games/787116983
0,1366210635,Ranch Simulator,https://twitchtracker.com/games/1366210635
0,1414211237,House Flipper 2,https://twitchtracker.com/games/1414211237
0,12694,Terranigma,https://twitchtracker.com/games/12694
0,491327,The Legend of Zelda: Twilight Princess HD,https://twitchtracker.com/games/491327
0,495764,Golf It!,https://twitchtracker.com/games/495764
0,1411398523,Vampire: The Masquerade - Bloodhunt,https://twitchtracker.com/games/1411398523
0,2124007713,PICO PARK 2,https://twitchtracker.com/games/2124007713
0,4012,Command & Conquer,https://twitchtracker.com/games/4012
0,10033,Banjo-Kazooie,https://twitchtracker.com/games/10033
0,488479,Squad,https://twitchtracker.com/games/488479
0,509998,Rat Hunter,https://twitchtracker.com/games/509998
0,515381,Necesse,https://twitchtracker.com/games/515381
0,1747174592,Rounds,https://twitchtracker.com/games/1747174592
0,6086,Super Mario Sunshine,https://twitchtracker.com/games/6086
0,17777,Phoenix Wright: Ace Attorney,https://twitchtracker.com/games/17777
0,65950,Beyond: Two Souls,https://twitchtracker.com/games/65950
0,357223907,Kebab Chefs!: Restaurant Simulator,https://twitchtracker.com/games/357223907
0,757121053,Yi Xian: The Cultivation Card Game,https://twitchtracker.com/games/757121053
0,1280007947,Limbus Company,https://twitchtracker.com/games/1280007947
0,1294292190,Ruined Nurse,https://twitchtracker.com/games/1294292190
0,3951,RF Online,https://twitchtracker.com/games/3951
0,32542,Persona 4 Golden,https://twitchtracker.com/games/32542
0,313331,DCS World,https://twitchtracker.com/games/313331
0,494552,The Last of Us Part II,https://twitchtracker.com/games/494552
0,22643600,Peepo Island,https://twitchtracker.com/games/22643600
0,1292354152,Poppy Playtime: Chapter 2 - Fly in a Web,https://twitchtracker.com/games/1292354152
0,1538476028,Road 96,https://twitchtracker.com/games/1538476028
0,461410,Hellblade: Senua's Sacrifice,https://twitchtracker.com/games/461410
0,492113,Crossout,https://twitchtracker.com/games/492113
0,235198385,Nunholy,https://twitchtracker.com/games/235198385
0,1407096487,Star Wars Jedi: Survivor,https://twitchtracker.com/games/1407096487
0,22851,Battlefield: Bad Company 2,https://twitchtracker.com/games/22851
0,489594,Agar.io,https://twitchtracker.com/games/489594
0,95998382,Blue Archive,https://twitchtracker.com/games/95998382
0,1500238812,King of the Castle,https://twitchtracker.com/games/1500238812
0,19180,FINAL FANTASY XV,https://twitchtracker.com/games/19180
0,494003,MU Legend,https://twitchtracker.com/games/494003
0,483277575,PokéRogue,https://twitchtracker.com/games/483277575
0,995317369,Rock Star Life Simulator,https://twitchtracker.com/games/995317369
0,497410,Metro Exodus,https://twitchtracker.com/games/497410
0,1488315469,Finnish Cottage Simulator,https://twitchtracker.com/games/1488315469
0,1703278625,Dollmare,https://twitchtracker.com/games/1703278625
0,1735523241,Resident Evil 4,https://twitchtracker.com/games/1735523241
0,491115,Paladins,https://twitchtracker.com/games/491115
0,497581,Dream Daddy: A Dad Dating Simulator,https://twitchtracker.com/games/497581
0,508322,Clue/Cluedo: The Classic Mystery Game,https://twitchtracker.com/games/508322
0,91423,Dark Souls II,https://twitchtracker.com/games/91423
0,517282,Mortal Online 2,https://twitchtracker.com/games/517282
0,547501449,Frostpunk 2,https://twitchtracker.com/games/547501449
0,1418594934,Placid Plastic Duck Simulator,https://twitchtracker.com/games/1418594934
0,1768423951,Victoria 3,https://twitchtracker.com/games/1768423951
0,5416,Futurama,https://twitchtracker.com/games/5416
0,6263,Sonic Adventure 2: Battle,https://twitchtracker.com/games/6263
0,16471,Clock Tower 3,https://twitchtracker.com/games/16471
0,413569,The Lord of the Rings Online,https://twitchtracker.com/games/413569
0,458808,Pure Pool,https://twitchtracker.com/games/458808
0,630247033,Symphonia,https://twitchtracker.com/games/630247033
0,1549167076,S.T.A.L.K.E.R.: Anomaly,https://twitchtracker.com/games/1549167076
0,7193,Microsoft Flight Simulator,https://twitchtracker.com/games/7193
0,502825,We Were Here Too,https://twitchtracker.com/games/502825
0,2036595201,Limoria,https://twitchtracker.com/games/2036595201
0,18703,God of War III,https://twitchtracker.com/games/18703
0,494131,Little Nightmares,https://twitchtracker.com/games/494131
0,513753,THE KING OF FIGHTERS XV,https://twitchtracker.com/games/513753
0,1255642391,Perfect Heist 2,https://twitchtracker.com/games/1255642391
0,7830,Age of Empires III,https://twitchtracker.com/games/7830
0,15104,Mega Man 6,https://twitchtracker.com/games/15104
0,18181,FINAL FANTASY TACTICS,https://twitchtracker.com/games/18181
0,490702,Yakuza Kiwami,https://twitchtracker.com/games/490702
0,511195,DRAGON BALL Z: KAKAROT,https://twitchtracker.com/games/511195
0,485100017,Tiny Glade,https://twitchtracker.com/games/485100017
0,540398184,Mint's Hints,https://twitchtracker.com/games/540398184
0,1380927042,Grunn,https://twitchtracker.com/games/1380927042
0,1960341762,Coral Island,https://twitchtracker.com/games/1960341762
0,1757,Heroes of Might and Magic V,https://twitchtracker.com/games/1757
0,5360,Resident Evil,https://twitchtracker.com/games/5360
0,14543,Pokémon Crystal Version,https://twitchtracker.com/games/14543
0,17794,Shadow the Hedgehog,https://twitchtracker.com/games/17794
0,369588,Mario Kart 8,https://twitchtracker.com/games/369588
0,20810,Assassin's Creed II,https://twitchtracker.com/games/20810
0,33331,XCOM: Enemy Unknown,https://twitchtracker.com/games/33331
0,417892,Z1: Battle Royale,https://twitchtracker.com/games/417892
0,491180,Twitch Plays,https://twitchtracker.com/games/491180
0,494494,Heartbound,https://twitchtracker.com/games/494494
0,510530,Star Trek Fleet Command,https://twitchtracker.com/games/510530
0,512034,Stellar Blade,https://twitchtracker.com/games/512034
0,269774996,Slots Casino Game,https://twitchtracker.com/games/269774996
0,468880140,PGA TOUR 2K23,https://twitchtracker.com/games/468880140
0,1197799167,Cryptmaster,https://twitchtracker.com/games/1197799167
0,1431587018,The Roottrees Are Dead,https://twitchtracker.com/games/1431587018
0,1503497616,Odd Remedy,https://twitchtracker.com/games/1503497616
0,17447,Disciples II: Rise of the Elves,https://twitchtracker.com/games/17447
0,18094,CowHunter,https://twitchtracker.com/games/18094
0,510590,Hades,https://twitchtracker.com/games/510590
0,418591187,Godlike Burger,https://twitchtracker.com/games/418591187
0,780037970,Star Wars Outlaws,https://twitchtracker.com/games/780037970
0,1533283364,Enjoy the Diner,https://twitchtracker.com/games/1533283364
0,1584758405,Xenoblade Chronicles 3,https://twitchtracker.com/games/1584758405
0,207,Yu-Gi-Oh! Forbidden Memories,https://twitchtracker.com/games/207
0,498000,House Flipper,https://twitchtracker.com/games/498000
0,1628434805,EA Sports UFC 5,https://twitchtracker.com/games/1628434805
0,1924903984,Need for speed: Mobile,https://twitchtracker.com/games/1924903984
0,1995842324,Remnant II,https://twitchtracker.com/games/1995842324
0,2018903128,Fear & Hunger 2: Termina,https://twitchtracker.com/games/2018903128
0,4267,Mario Party 4,https://twitchtracker.com/games/4267
0,6733,Parasite Eve II,https://twitchtracker.com/games/6733
0,66122,Plague Inc.,https://twitchtracker.com/games/66122
0,494162,NieR: Automata,https://twitchtracker.com/games/494162
0,1639504976,Squirrel with a Gun,https://twitchtracker.com/games/1639504976
0,2144798400,The Scouring,https://twitchtracker.com/games/2144798400
0,1274672891,Spirit City: Lofi Sessions,https://twitchtracker.com/games/1274672891
0,1407473558,IMMORTAL: Gates of Pyre,https://twitchtracker.com/games/1407473558
0,2106425216,Gray Zone Warfare,https://twitchtracker.com/games/2106425216
0,4672,The Legend of Heroes: Trails in the Sky,https://twitchtracker.com/games/4672
0,23239,Plants vs. Zombies,https://twitchtracker.com/games/23239
0,33318,Melty Blood Actress Again Current Code,https://twitchtracker.com/games/33318
0,495002,Are You Smarter Than a 5th Grader,https://twitchtracker.com/games/495002
0,513553,Sky: Children of the Light,https://twitchtracker.com/games/513553
0,330711685,Unaccessible,https://twitchtracker.com/games/330711685
0,565407844,Diplomacy is Not an Option,https://twitchtracker.com/games/565407844
0,23894,Call of Duty: Black Ops,https://twitchtracker.com/games/23894
0,533344586,Solo Leveling: Arise,https://twitchtracker.com/games/533344586
0,760781863,Who Wants to Be a Millionaire,https://twitchtracker.com/games/760781863
0,1678052513,Call of Duty: Modern Warfare II,https://twitchtracker.com/games/1678052513
0,2081936034,Turbo Dismount 2,https://twitchtracker.com/games/2081936034
0,14373,Final Fantasy: Crystal Chronicles,https://twitchtracker.com/games/14373
0,370378,City Car Driving,https://twitchtracker.com/games/370378
